condition_id,completion_time_s,inlet_velocity_m_s,inlet_temperature_K,cooling_wall_temperature_K,solid_heat_source_MW_m3,pressure_drop_Pa,outlet_temperature_K,outlet_minus_inlet_temperature_K,solid_maximum_temperature_K,solid_maximum_minus_cooling_wall_K,generated_power_W,net_outward_enthalpy_flow_W,net_outward_enthalpy_over_generated,external_fluid_conductive_heat_W,external_solid_conductive_heat_W,total_external_boundary_heat_W,total_external_boundary_heat_over_generated,reconstructed_energy_difference_W,boundary_heat_fallback_used,cooling_wall_heat_into_fluid_W,cooling_wall_heat_over_generated,cooling_wall_heat_direction,relative_mass_difference,relative_energy_difference
u0p05_T300_q4p85,200,0.05,300.0,635.0,4.85,8.699900000006892,540.3513741,240.35137410000004,634.929121,-0.07087899999999081,0.17272693,0.191678776678,1.1097214353199008,-1.5032315933483318,1.522201793,0.01897019965166824,0.10982768958881073,1.8352973668228634e-05,False,0.2367521904,1.3706732957043815,wall_to_fluid,6.8822331242346605e-09,1.220901273595795e-05
u0p05_T300_q6p85,200,0.05,300.0,635.0,6.85,8.821400000000722,545.4208241,245.4208241,634.932913,-0.067087000000015,0.24395453,0.196456440921,0.8052994175635927,-1.5360674499049054,1.488589071,-0.04747837890490536,-0.19461978797813412,1.9710174094633715e-05,False,0.232568594,0.9533276303580015,wall_to_fluid,5.005255477431834e-09,1.2831581123434981e-05
u0p05_T300_q8p85,200,0.05,300.0,635.0,8.85,8.942899999994552,550.4743051,250.47430510000004,634.9367082,-0.06329180000000179,0.31518213,0.201199246364,0.6383586733296078,-1.5689285408531706,1.454966788,-0.11396175285317067,-0.36157428358381444,2.1130782829337225e-05,False,0.2283827237,0.724605559648956,wall_to_fluid,4.379593982285726e-09,1.3468288885732785e-05
u0p05_T500_q4p85,200,0.05,500.0,635.0,4.85,7.072799999994459,602.294843,102.29484300000001,634.974909,-0.025090999999974883,0.17272693,0.0498473591,0.288590546361242,-0.749972749466066,0.6271112707,-0.12286147876606601,-0.7113047094976216,1.8092133933986232e-05,False,0.1023655276,0.5926437041404025,wall_to_fluid,4.48394003871283e-09,2.4123721757786827e-05
u0p05_T500_q6p85,200,0.05,500.0,635.0,6.85,7.146399999997811,607.1923851,107.19238510000002,634.978738,-0.021261999999978798,0.24395453,0.05247222280000001,0.21509017602583566,-0.7848655454975002,0.5934030499,-0.19146249559750017,-0.7848286137482267,1.981160249982239e-05,False,0.09814762998,0.4023193583656757,wall_to_fluid,4.796769990925316e-09,2.5242033636811604e-05
u0p05_T500_q8p85,200,0.05,500.0,635.0,8.85,7.220000000001164,612.0767018,112.07670180000002,634.9825693,-0.01743069999997715,0.31518213,0.055082341300000004,0.17476352894753266,-0.8197698365248862,0.5596916531,-0.2600781834248862,-0.8251679225116164,2.1605275113800726e-05,False,0.09392830091,0.2980127741061969,wall_to_fluid,4.6924895892864945e-09,2.6355294072947184e-05
u0p05_T700_q4p85,200,0.05,700.0,635.0,4.85,6.621100000003935,668.6422681,-31.357731899999976,698.8668044,63.86680439999998,0.17272693,-0.010660631000000004,-0.06171956509618971,0.2644789379372081,-0.4478745338,-0.18339559586279186,-1.0617660828151803,-8.034862791855835e-06,False,-0.06950423354,-0.40239372945492635,fluid_to_wall,2.773796522691066e-09,3.037997223719739e-05
u0p05_T700_q6p85,200,0.05,700.0,635.0,6.85,6.674299999998766,673.3632686,-26.63673140000003,699.8632427,64.8632427,0.24395453,-0.008926906400000018,-0.0365925010697691,0.22858256842550162,-0.481470188,-0.2528876195744984,-1.0366178466720761,-6.183174498380906e-06,False,-0.07373141992,-0.30223427259169977,fluid_to_wall,2.62780618934835e-09,2.5345602307040193e-05
u0p05_T700_q8p85,200,0.05,700.0,635.0,8.85,6.727599999998347,678.0735511,-21.92644889999997,702.189899,67.18989899999997,0.31518213,-0.007200828599999987,-0.022846563667806886,0.19267968132522123,-0.5150669189,-0.3223872375747788,-1.0228601398650956,-4.278974778781919e-06,False,-0.07795973918,-0.24734822110631716,fluid_to_wall,2.9197832946054604e-09,1.3576197288792733e-05
u0p05_T900_q4p85,200,0.05,900.0,635.0,4.85,6.548099999999977,738.571115,-161.42888500000004,890.4853371,255.48533710000004,0.17272693,-0.044117128300000016,-0.2554154601138341,1.44582670519865,-1.662744667,-0.21691796180134992,-1.2558433233390411,-7.39035013499062e-05,False,-0.2692625024,-1.558891264957931,fluid_to_wall,3.1909106633243377e-09,5.111504794047685e-05
u0p05_T900_q6p85,200,0.05,900.0,635.0,6.85,6.590100000001257,743.1316031,-156.8683969,891.1570535,256.15705349999996,0.24395453,-0.0428569166,-0.17567583844415596,1.409307855218388,-1.696191355,-0.2868834997816121,-1.1759711934089196,-7.205318161208896e-05,False,-0.2734953295,-1.1210914160929908,fluid_to_wall,3.003209139888352e-09,5.1126644434130745e-05
u0p05_T900_q8p85,200,0.05,900.0,635.0,8.85,6.632100000002538,747.6833279,-152.3166721,891.8286886,256.82868859999996,0.31518213,-0.0416011765,-0.13199091109638736,1.3727847782830107,-1.729638205,-0.3568534267169894,-1.1322133863267863,-7.012021698937776e-05,False,-0.2777291448,-0.8811703404631475,fluid_to_wall,8.821923499269417e-09,5.107881300748034e-05
u0p10_T300_q4p85,200,0.1,300.0,635.0,4.85,17.115600000004633,532.8947294,232.89472939999996,634.9241405,-0.07585949999997865,0.17272693,0.369284507108,2.1379671780654004,-1.3878606728029999,1.584425821,0.1965651481970001,1.138011010772901,7.571089000124598e-06,False,0.2451721039,1.4194202600602002,wall_to_fluid,3.4408751741182047e-09,5.455222666472075e-06
u0p10_T300_q6p85,200,0.1,300.0,635.0,6.85,17.345799999995506,537.7589442,237.75894419999997,634.9278049,-0.07219510000004448,0.24395453,0.378501717307,1.5515256769652934,-1.4176955024289999,1.552250785,0.13455528257100013,0.5515588604605954,8.095264000140823e-06,False,0.2411759126,0.9886101012348489,wall_to_fluid,3.753674879836266e-09,5.710157072629369e-06
u0p10_T300_q8p85,200,0.1,300.0,635.0,8.85,17.57640000000538,542.6106188,242.6106188,634.9314739,-0.06852609999998549,0.31518213,0.38765800499999997,1.229949188426387,-1.4475712285239999,1.520055681,0.07248445247600022,0.22997640277385084,8.57747600024883e-06,False,0.2371761382,0.7525050300281935,wall_to_fluid,1.876833925058132e-09,5.925425865875524e-06
u0p10_T500_q4p85,200,0.1,500.0,635.0,4.85,14.148499999995693,600.5064749,100.50647489999994,634.9735942,-0.026405800000020463,0.17272693,0.0977689608,0.5660319488107616,-0.7181679707838825,0.643222244,-0.07494572678388245,-0.43389717390265925,1.2242416117552724e-05,False,0.1045617287,0.6053585778430729,wall_to_fluid,2.6067881464508696e-09,1.70467308701258e-05
u0p10_T500_q6p85,200,0.1,500.0,635.0,6.85,14.291400000001886,605.2847381,105.28473810000003,634.9773573,-0.02264270000000579,0.24395453,0.1028936187,0.4217737571833571,-0.7513341213418111,0.6102866506,-0.14104747074181112,-0.5781711482947708,1.3440558188887453e-05,False,0.1004451528,0.41173719053300634,wall_to_fluid,2.606785042341237e-09,1.788892292670523e-05
u0p10_T500_q8p85,200,0.1,500.0,635.0,8.85,14.434399999998277,610.0514413,110.05144129999996,634.9811234,-0.01887659999999869,0.31518213,0.1079914145,0.3426317808690486,-0.7845192201804804,0.5773431981,-0.20717602208048036,-0.6573216003092572,1.4693419519651307e-05,False,0.09632657225,0.3056219343717234,wall_to_fluid,2.606781935520872e-09,1.872920272911995e-05
u0p10_T700_q4p85,200,0.1,700.0,635.0,4.85,13.294999999998254,668.9181469,-31.08185309999999,698.9581602,63.95816019999995,0.17272693,-0.02112253900000005,-0.12228862633059044,0.2577236464435678,-0.4515794292,-0.19385578275643217,-1.1223251797298324,-6.3137564321191775e-06,False,-0.07002625544,-0.40541596750431447,fluid_to_wall,3.64952934657883e-09,2.4498165066516945e-05
u0p10_T700_q6p85,200,0.1,700.0,635.0,6.85,13.399300000004587,673.5576595,-26.4423405,699.9386666,64.93866660000003,0.24395453,-0.01771604410000005,-0.07262027108084465,0.2229921615364593,-0.4846676252,-0.2616754636635407,-1.0726403140107328,-4.889563540666497e-06,False,-0.07418670297,-0.30410053451354235,fluid_to_wall,2.919620979956265e-09,2.0042929888067655e-05
u0p10_T700_q8p85,200,0.1,700.0,635.0,8.85,13.503700000001118,678.1874005,-21.812599500000033,702.2700159,67.27001589999998,0.31518213,-0.014323802499999982,-0.045446112379531105,0.18825006860455462,-0.5177594191,-0.3295093504954454,-1.045456956888531,-3.4179954453983363e-06,False,-0.07834858611,-0.24858194247878201,fluid_to_wall,3.6495229987237763e-09,1.0844508999741911e-05
u0p10_T900_q4p85,200,0.1,900.0,635.0,4.85,13.15899999999965,739.850902,-160.14909799999998,890.8236884,255.82368840000004,0.17272693,-0.08753196499999999,-0.5067650134232108,1.4173543472221808,-1.677675889,-0.2603215417778193,-1.5071277060144548,-6.26467778193085e-05,False,-0.2713655127,-1.571066611905856,fluid_to_wall,1.032296601074178e-08,4.419979939528322e-05
u0p10_T900_q6p85,200,0.1,900.0,635.0,6.85,13.241800000003423,744.351353,-155.64864699999998,891.4782392,256.47823919999996,0.24395453,-0.08504585410000001,-0.34861354736884786,1.381693872104305,-1.710755401,-0.32906152889569484,-1.3488641875012317,-6.114479569482856e-05,False,-0.2755499684,-1.1295136368240426,fluid_to_wall,3.75380332526414e-09,4.425350428877325e-05
u0p10_T900_q8p85,200,0.1,900.0,635.0,8.85,13.324600000007194,748.8436261,-151.15637389999995,892.1327752,257.13277519999997,0.31518213,-0.08256820209999999,-0.2619698080598668,1.346026684105825,-1.743836587,-0.39780990289417506,-1.2621588124116525,-5.957079417506783e-05,False,-0.2797355899,-0.8875363266946639,fluid_to_wall,8.446051422222869e-09,4.425677059641402e-05
u0p15_T300_q4p85,200,0.15,300.0,635.0,4.85,25.2725999999966,525.5944262,225.59442620000004,634.9192857,-0.08071429999995416,0.17272693,0.5330806648330001,3.0862626044068526,-1.284440060782,1.644798124,0.3603580632180001,2.086287663527628,4.328385000085255e-06,False,0.2534118247,1.4671240014513083,wall_to_fluid,6.255711710323091e-09,3.3698614145139823e-06
u0p15_T300_q6p85,200,0.15,300.0,635.0,6.85,25.599199999996927,530.2520611,230.2520611,634.922823,-0.07717700000000605,0.24395453,0.546386949578,2.239708152080636,-1.311572198175,1.614009269,0.30243707082500015,1.2397272181213448,4.6512470001092154e-06,False,0.2495973353,1.0231305616665531,wall_to_fluid,5.421602104057749e-09,3.5463141155860247e-06
u0p15_T300_q8p85,200,0.15,300.0,635.0,8.85,25.926399999996647,534.9002948,234.90029479999998,634.9263661,-0.07363390000000436,0.31518213,0.559614436902,1.7755271750400314,-1.338755073437,1.583192367,0.24443729356300015,0.77554299656202,4.986661000128123e-06,False,0.2457782647,0.7797975878264418,wall_to_fluid,8.340903061723814e-10,3.724849376163943e-06
u0p15_T500_q4p85,200,0.15,500.0,635.0,4.85,21.229300000006333,598.7338528,98.73385280000002,634.9722878,-0.0277121999999963,0.17272693,0.14378664559999998,0.8324506525994527,-0.688117961243478,0.659186024,-0.02893193724347798,-0.16750102166163655,8.347156522037213e-06,False,0.1067480058,0.6180159966948987,wall_to_fluid,1.737756233133123e-09,1.2130415120990041e-05
u0p15_T500_q6p85,200,0.15,500.0,635.0,6.85,21.437300000005052,603.3939063,103.39390630000003,634.9759856,-0.024014400000055502,0.24395453,0.1512871777,0.6201449823456855,-0.7196611037708337,0.6270029036,-0.0926582001708337,-0.379817501937077,9.152129166301037e-06,False,0.1027302967,0.4211042799656149,wall_to_fluid,2.4328544770996848e-09,1.2717276393494525e-05
u0p15_T500_q8p85,200,0.15,500.0,635.0,8.85,21.64560000000347,608.0439404,108.0439404,634.9796869,-0.02031309999995301,0.31518213,0.1587511225,0.503680594137745,-0.7512289569292433,0.5948079769,-0.15642098002924332,-0.4962875910167982,1.0027470756679424e-05,False,0.0987101,0.31318431663622553,wall_to_fluid,2.78040037161992e-09,1.3348088707427036e-05
u0p15_T700_q4p85,200,0.15,700.0,635.0,4.85,20.02169999999751,669.1934836,-30.806516399999964,699.0459812,64.04598120000003,0.17272693,-0.03138601930000001,-0.18170889333817264,0.25118206396739917,-0.4552999376,-0.2041178736326008,-1.1817374026887457,-4.9243326007974986e-06,False,-0.07055282202,-0.408464516911173,fluid_to_wall,2.9194599461184e-09,1.9604634674220315e-05
u0p15_T700_q6p85,200,0.15,700.0,635.0,6.85,20.175099999993108,673.7524565,-26.247543500000006,700.0489389,65.04893890000005,0.24395453,-0.0263666206,-0.10808006147703017,0.21756622965192016,-0.4878912047,-0.27032497504807984,-1.1080957383659973,-3.824448079836618e-06,False,-0.07464787965,-0.30599095515873387,fluid_to_wall,3.4060320767041748e-09,1.5676888967122757e-05
u0p15_T700_q8p85,200,0.15,700.0,635.0,8.85,20.328699999998207,678.302542,-21.697457999999983,702.3759139,67.3759139,0.31518213,-0.021367130800000023,-0.06779296402369012,0.18393633872267412,-0.5204882859,-0.33655194717732584,-1.0678014872776125,-2.686377325811229e-06,False,-0.07874463837,-0.24983852469681575,fluid_to_wall,2.4328769806146764e-09,8.523253922458195e-06
u0p15_T900_q4p85,200,0.15,900.0,635.0,4.85,19.832699999999022,741.1248026,-158.87519740000005,891.1520801,256.15208010000003,0.17272693,-0.13024890120000004,-0.7540740821364685,1.3895827551563,-1.692611746,-0.30302899084370005,-1.7543818491054062,-5.315964370000703e-05,False,-0.2734766549,-1.5832890383682499,fluid_to_wall,9.383992784673252e-09,3.8255831473651336e-05
u0p15_T900_q6p85,200,0.15,900.0,635.0,6.85,19.955100000006496,745.5658911,-154.43410889999996,891.7899906,256.7899906,0.24395453,-0.12657056569999997,-0.5188285116082901,1.3547531554065722,-1.725330191,-0.3705770355934279,-1.519041419699925,-5.1939893427943584e-05,False,-0.2776135579,-1.1379725471791813,fluid_to_wall,8.758384373130358e-09,3.8339009007487444e-05
u0p15_T900_q8p85,200,0.15,900.0,635.0,8.85,20.077600000004168,749.999356,-150.00064399999997,892.4279448,257.4279448,0.31518213,-0.1229042346,-0.3899467098594708,1.319914672265776,-1.758051675,-0.43813700273422396,-1.3901073729472668,-5.063813422395702e-05,False,-0.2817517871,-0.8939332540839164,fluid_to_wall,8.13277706093177e-09,3.836470287665392e-05
u0p20_T300_q4p85,200,0.2,300.0,635.0,4.85,33.20350000000326,518.5269909,218.5269909,634.9146033,-0.08539670000004662,0.17272693,0.683660406723,3.9580417872476517,-1.192131074786,1.703068004,0.510936929214,2.958061775393102,3.45249100008882e-06,False,0.2614306243,1.513548722830887,wall_to_fluid,5.786150947511351e-09,2.8960666097128443e-06
u0p20_T300_q6p85,200,0.2,300.0,635.0,6.85,33.61479999999574,522.978858,222.97885799999995,634.9180161,-0.0819838999999547,0.24395453,0.700699909145,2.872256191122993,-1.2168514820060001,1.673600486,0.45674900399399987,1.872271049830474,3.624848999850272e-06,False,0.2577902754,1.0567144434661655,wall_to_fluid,5.786131121356003e-09,2.97887544491021e-06
u0p20_T300_q8p85,200,0.2,300.0,635.0,8.85,34.02689999999711,527.4241298,227.42412979999995,634.9214354,-0.07856460000004972,0.31518213,0.7176500587250001,2.276937651017842,-1.241627655308,1.644099399,0.402471743692,1.2769497550257687,3.814966999859948e-06,False,0.2541446562,0.8063422129928495,wall_to_fluid,3.1276277332243268e-09,3.072553179329436e-06
u0p20_T500_q4p85,200,0.2,500.0,635.0,4.85,28.315600000001723,596.8872413,96.88724130000003,634.9709828,-0.02901719999999841,0.17272693,0.18781198219999995,1.087334686027245,-0.6603919027127,0.6754826335,0.015090730787300055,0.08736756212421569,5.678587300106397e-06,False,0.1089699641,0.6308799913250354,wall_to_fluid,7.819441665195431e-10,8.5988142446635e-06
u0p20_T500_q6p85,200,0.2,500.0,635.0,6.85,28.584600000001956,601.4281577,101.42815770000004,634.9746159,-0.02538409999999658,0.24395453,0.1975633886,0.8098369339565041,-0.6904287667795,0.6440438496,-0.046384917179499996,-0.1901375521885164,6.224220500006261e-06,False,0.1050497892,0.43061216858731827,wall_to_fluid,2.6064737925571947e-10,9.015007484463737e-06
u0p20_T500_q8p85,200,0.2,500.0,635.0,8.85,28.854000000006636,605.9604701,105.96047009999995,634.978253,-0.021747000000004846,0.31518213,0.2072706171,0.6576217284273065,-0.7204947156264,0.6125900043,-0.1079047113264,-0.34235669175279704,6.801573600001554e-06,False,0.1011267308,0.3208517272219716,wall_to_fluid,2.3458219712781057e-09,9.440143629767288e-06
u0p20_T700_q4p85,200,0.2,700.0,635.0,4.85,26.801500000001397,669.4678914,-30.532108600000015,699.1295231,64.12952310000003,0.17272693,-0.041451869999999946,-0.23998498670705226,0.24484940502079472,-0.4590319324,-0.2141825273792053,-1.2400065663136912,-3.727379205342718e-06,False,-0.07108348222,-0.41153676627032043,fluid_to_wall,3.284206724658115e-09,1.5223149939964758e-05
u0p20_T700_q6p85,200,0.2,700.0,635.0,6.85,27.00199999999313,673.9473724,-26.05262760000005,700.1608496,65.1608496,0.24395453,-0.034878198599999966,-0.1429700797111657,0.21230147001449087,-0.4911370938,-0.2788356237855091,-1.1429819474371272,-2.8951855091108314e-06,False,-0.07511454098,-0.307903858067321,fluid_to_wall,2.91929009681821e-09,1.1867725961745176e-05
u0p20_T700_q8p85,200,0.2,700.0,635.0,8.85,27.202799999999115,678.4187918,-21.581208199999992,702.4801677,67.48016770000004,0.31518213,-0.028329221999999987,-0.08988206913888165,0.17973664653222937,-0.5232500033,-0.3435133567677707,-1.0898884298033351,-2.0047677706802602e-06,False,-0.07914753185,-0.2511168125236034,fluid_to_wall,3.28419574333411e-09,6.360664453534406e-06
u0p20_T900_q4p85,200,0.2,900.0,635.0,4.85,26.568899999998393,742.3919633,-157.60803669999996,891.4706303,256.47063030000004,0.17272693,-0.17227324490000007,-0.9973733968408983,1.362499148185387,-1.707544229,-0.34504508081461305,-1.9976333789676748,-4.4905914612980435e-05,False,-0.2755950688,-1.595553564229967,fluid_to_wall,7.0375996150874076e-09,3.295849004583366e-05
u0p20_T900_q6p85,200,0.2,900.0,635.0,6.85,26.729800000000978,746.7743975,-153.22560250000004,892.092413,257.09241299999996,0.24395453,-0.16743568919999996,-0.6863397420822641,1.328473650252775,-1.739907786,-0.4114341357472251,-1.6865197614786045,-4.3916547225131275e-05,False,-0.2796852486,-1.1464646653620245,fluid_to_wall,6.568417530842806e-09,3.305789860181727e-05
u0p20_T900_q8p85,200,0.2,900.0,635.0,8.85,26.89079999999376,751.149743,-148.85025700000006,892.7142926,257.7142926,0.31518213,-0.16261325139999994,-0.5159342358654659,1.2944373079123659,-1.772275667,-0.47783835908763406,-1.5160705941280175,-4.297768763411591e-05,False,-0.2837769051,-0.9003584851082769,fluid_to_wall,6.568408717129602e-09,3.3201830147714685e-05
u0p25_T300_q4p85,200,0.25,300.0,635.0,4.85,40.95020000000659,511.8750688,211.8750688,634.9101351,-0.08986489999995229,0.17272693,0.822193427191,4.760076655047363,-1.108903603402,1.758374326,0.6494707225980001,3.7601011179785346,4.225407000180148e-06,False,0.2691362706,1.5581604478236255,wall_to_fluid,6.50509053916961e-09,3.8104367117367487e-06
u0p25_T300_q6p85,200,0.25,300.0,635.0,6.85,41.43529999999737,516.1253611,216.12536109999996,634.9134278,-0.08657219999997778,0.24395453,0.842615988715,3.4539878751790343,-1.1314794203649998,1.730145231,0.5986658106350002,2.4540057142410934,4.351920000256193e-06,False,0.2656602,1.0889742445036787,wall_to_fluid,8.881914459643915e-09,3.846221081822525e-06
u0p25_T300_q8p85,200,0.25,300.0,635.0,8.85,41.92160000000149,520.3714529,220.3714529,634.9167275,-0.08327250000002095,0.31518213,0.862944652563,2.737923792072222,-1.154112300558,1.701879272,0.5477669714419999,1.7379379073363073,4.448878999863126e-06,False,0.2621784607,0.8318316165323205,wall_to_fluid,4.503487746361232e-09,3.854805981802762e-06
u0p25_T500_q4p85,200,0.25,500.0,635.0,4.85,35.41009999999369,595.0285876,95.02858760000004,634.9696902,-0.030309800000054565,0.17272693,0.22989553210000002,1.330976774148652,-0.6345966928,0.6917693593,0.05717266650000008,0.33100030493218446,4.064400000058921e-06,False,0.1111924009,0.6437467562238268,wall_to_fluid,4.170122239674723e-09,6.404697733493957e-06
u0p25_T500_q6p85,200,0.25,500.0,635.0,6.85,35.73630000000412,599.451221,99.45122100000003,634.9732596,-0.026740399999994224,0.24395453,0.24177565580000004,0.9910685233022729,-0.663231393142,0.66105693,-0.0021744631419999827,-0.008913395221642258,4.411057999975654e-06,False,0.1073673765,0.4401122475569525,wall_to_fluid,6.255166605586879e-10,6.650858275991215e-06
u0p25_T500_q8p85,200,0.25,500.0,635.0,8.85,36.062999999994645,603.8665363,103.8665363,634.9768335,-0.023166500000002088,0.31518213,0.2536058914,0.804632836893386,-0.691898299854,0.6303268468,-0.061571453054000025,-0.19535197967600518,4.785545999974605e-06,False,0.1035391553,0.32850579219069304,wall_to_fluid,2.08504978862744e-09,6.916545395449621e-06
u0p25_T700_q4p85,200,0.25,700.0,635.0,4.85,33.63529999999446,669.7835941,-30.21640590000004,699.2098582,64.20985819999999,0.17272693,-0.05127090430000003,-0.2968321401879836,0.23900991901129998,-0.4630102288,-0.2240003097887,-1.296846471993105,-2.4754886999711623e-06,False,-0.07164116738,-0.41476547623465543,fluid_to_wall,2.919128732938224e-09,1.0357263456727608e-05
u0p25_T700_q6p85,200,0.25,700.0,635.0,6.85,33.881099999998696,674.1818874,-25.81811259999995,700.2719467,65.27194669999994,0.24395453,-0.043203566299999996,-0.17709679873540365,0.20746482921659998,-0.4946247568,-0.28715992758340003,-1.1771043053941241,-1.8312834000333567e-06,False,-0.07560813412,-0.3099271578191231,fluid_to_wall,2.9191227561018535e-09,7.506658720513846e-06
u0p25_T700_q8p85,200,0.25,700.0,635.0,8.85,34.12709999999788,678.5728979,-21.427102099999956,702.5895403,67.58954029999995,0.31518213,-0.03516491509999997,-0.11157014231739588,0.17590049519849998,-0.5262487136,-0.35034821840150004,-1.1115738649316826,-1.1733015000681135e-06,False,-0.07957723228,-0.2524801526025603,fluid_to_wall,8.757350644387011e-10,3.7226142867557674e-06
u0p25_T900_q4p85,200,0.25,900.0,635.0,4.85,33.36740000000282,743.6515903,-156.34840970000005,891.7794717,256.77947170000004,0.17272693,-0.21361111249999998,-1.2366983683436044,1.336089930717746,-1.722465741,-0.3863758102822539,-2.236917024358934,-3.7767782253894655e-05,False,-0.27771993,-1.6078554166394319,fluid_to_wall,5.629760819196765e-09,2.826739531937819e-05
u0p25_T900_q6p85,200,0.25,900.0,635.0,6.85,33.56570000000647,747.9761084,-152.02389159999996,892.3856268,257.38562679999995,0.24395453,-0.207646644,-0.8511694535862891,1.302842513959858,-1.754480661,-0.45163814704014205,-1.8513210106823679,-3.697304014205205e-05,False,-0.2817642241,-1.1549866448473,fluid_to_wall,6.005068166672222e-09,2.8378748579185684e-05
u0p25_T900_q8p85,200,0.25,900.0,635.0,8.85,33.764200000005076,752.2940235,-147.70597650000002,892.9919234,257.9919234,0.31518213,-0.2017000498,-0.6399476068011851,1.2695826616135197,-1.786500969,-0.5169183073864803,-1.6400622312771358,-3.612758648025016e-05,False,-0.2858101183,-0.9068094003298982,fluid_to_wall,5.629742210533008e-09,2.845626958577941e-05
