condition_id,seed202_job,seed202_summary_sha256,seed202_mass_relative_difference,seed202_energy_relative_difference,seed101_mass_relative_difference,seed101_energy_relative_difference,seed101_outlet_temperature_K,seed202_outlet_temperature_K,seed202_minus_seed101_outlet_temperature_K,relative_change_outlet_temperature_K_percent,seed101_maximum_solid_temperature_K,seed202_maximum_solid_temperature_K,seed202_minus_seed101_maximum_solid_temperature_K,relative_change_maximum_solid_temperature_K_percent,seed101_pressure_drop_Pa,seed202_pressure_drop_Pa,seed202_minus_seed101_pressure_drop_Pa,relative_change_pressure_drop_Pa_percent
u0p05_T300_q4p85,14356_0,91a5e65d51ba4c54f79467b1ea8ede35282a3265bba846b403659016b955ec0b,4.379546417050139e-09,2.893066908275946e-05,6.8822331242346605e-09,1.220901273595795e-05,540.3513741,536.9945333,-3.3568408000001,-0.6212329533891158,634.929121,634.898532,-0.030588999999963562,-0.0048177031086220345,8.699900000006892,10.24670000000333,1.5467999999964377,17.779514707010566
u0p05_T300_q8p85,14356_1,57c995087f859fc640288cbe96804f18a9bcc366135c1745391773e9fe466569,5.005183327035812e-09,3.0910748766260976e-05,4.379593982285726e-09,1.3468288885732785e-05,550.4743051,547.6441343,-2.830170800000019,-0.514133134603964,634.9367082,634.9095012,-0.02720699999997578,-0.004284994023594205,8.942899999994552,10.551699999996345,1.6088000000017928,17.989690145285902
u0p05_T900_q4p85,14356_2,9dc57fbad0cda57f5ec2517174f474379530016b84f6ffa5e53dc1cd0939668a,5.4432747709572985e-09,0.00013524305810936607,3.1909106633243377e-09,5.111504794047685e-05,738.571115,742.3982211,3.8271061000000373,0.5181770613923938,890.4853371,893.2037779,2.7184407999999394,0.305276312449226,6.548099999999977,7.508700000005774,0.9606000000057975,14.66990424712208
u0p05_T900_q8p85,14356_3,61737d74f066f3aa5939fcbfb623d845a8c9381b7e50090a7bca0ac0296d95c9,1.0698841132285314e-08,0.00013818408137947905,8.821923499269417e-09,5.107881300748034e-05,747.6833279,751.8902956,4.20696769999995,0.5626670467316636,891.8286886,894.2861449,2.45745629999999,0.2755525059255186,6.632100000002538,7.612599999993108,0.9804999999905704,14.784155847924415
u0p15_T700_q6p85,14355,e563a4775536d43dbb2634f6c215ff1b5a2aeadb27ce45d3a08ee95bfc11b4a0,4.379070229554174e-09,4.583218533909964e-05,3.4060320767041748e-09,1.5676888967122757e-05,673.7524565,675.3180511,1.565594600000054,0.23236940880824145,700.0489389,700.0125882,-0.0363507000000709,-0.005192594114518541,20.175099999993108,23.29889999999432,3.1238000000012107,15.483442461263031
u0p25_T300_q4p85,14356_4,007cc9a116a7ff96856c48f26c7b394822257877fd9da51cc91caec733487a32,7.255252740067315e-09,5.911485508179652e-06,6.50509053916961e-09,3.8104367117367487e-06,511.8750688,508.4904856,-3.3845832000000087,-0.6612127462926768,634.9101351,634.8715155,-0.03861960000006093,-0.006082687590737268,40.95020000000659,47.983399999997346,7.033199999990757,17.175007692244787
u0p25_T300_q8p85,14356_5,07be13fddd79600313d695bb70abdd7befcee01596f8a857db1e1d3311b02f11,5.378839321165037e-09,5.94603174302735e-06,4.503487746361232e-09,3.854805981802762e-06,520.3714529,517.4492726,-2.9221803000000364,-0.5615566118615644,634.9167275,634.8805729,-0.03615460000003168,-0.005694384544315172,41.92160000000149,49.2103999999963,7.288799999994808,17.386740964072338
u0p25_T900_q4p85,14628_0,de9212fddadebed99828e4d06abf7857fbc07abd9569e2c057b67fb59f8a75f3,8.25664374918688e-09,8.445470079336015e-05,5.629760819196765e-09,2.826739531937819e-05,743.6515903,747.6733507,4.021760400000062,0.5408124520217358,891.7794717,894.378847,2.599375299999906,0.2914818497721992,33.36740000000282,38.29219999999623,4.924799999993411,14.759315979048397
u0p25_T900_q8p85,14628_1,b986b203bfa2ac8f870e96f46572f2e05abd20e6909c6bb1ab07639695009666,7.1307086649785e-09,8.698555134258616e-05,5.629742210533008e-09,2.845626958577941e-05,752.2940235,756.6888202,4.394796700000029,0.5841860446469477,892.9919234,895.3304717,2.3385482999999567,0.26187787803232404,33.764200000005076,38.78509999999369,5.020899999988615,14.870484122200022
